rank,game,opportunity_score,format,commercial_positioning,measured_audience_signal,ip_feasibility,existing_coverage,why_it_can_work
1,Frontier,88,"Premium single-player; optional asynchronous events","Trade-and-travel RPG with faction politics, dynamic economy, caravans, and light tactical combat","4.09M Armor Games plays; 14,674 ratings; 8,458 favorites","Medium-low; Armor Games/creator rights must be cleared","No direct modern successor found; TRADESMAN is adjacent","Clear verbs, high replayability, strong room for systemic depth"
2,Desktop Tower Defense,86,"Premium single-player; Workshop/community maps","Minimalist tower-defense puzzle expanded into campaign, roguelite challenges, and map creation","5.2M Kongregate plays; 4.2 rating","Medium; creator/publisher rights must be cleared","No major direct premium remake located","Simple rules, deep mastery, low art scope, strong replayability"
3,Rebuild 2,85,"Premium single-player; optional scenario sharing","Survivor-management city strategy with relationships, factions, events, and procedural narratives","Armor Games listing around 6M plays; 4.4 Kongregate rating","Low-medium; Northway Games owns active franchise","Rebuild 3 already covers the series commercially","Very strong decisions and emergent stories; opportunity is a new sequel or spiritual successor"
4,Raze,84,"Premium single-player campaign; optional co-op/PvE","Fast 2D campaign shooter with faction switching, weapon builds, and challenge modes","47.0M Kongregate plays; 4.3 rating; Flash shooter award","Medium; creator/collaborator rights must be cleared","No major direct modern premium successor located","High audience proof and a strong modern twin-stick/2D action fit"
5,The Visitor,82,"Premium single-player narrative horror","Short cinematic parasite-horror adventure with branching kills, puzzles, and episodic expansion","1,668,505 Newgrounds views; 5,062 favorites; 4.60/5; 245 lists","Medium; Zeebarf/partners rights must be cleared","Mobile download existed; no substantial premium remake found","Distinct hook, streamer-friendly moments, manageable scope"
6,Bubble Tanks,81,"Premium single-player roguelite; optional co-op","Procedural bubble-world shooter with build evolution, enemy absorption, and strategic retreat","13M Armor Games plays for Bubble Tanks 2; major portal circulation","Medium; Hero Interactive rights must be cleared","No major official premium successor found","Excellent roguelite loop and instantly legible visual identity"
7,Crush the Castle,80,"Premium physics puzzler with level editor","Physics siege campaign with material simulation, contraptions, user levels, and challenge runs","27M Armor Games plays for original; 34M for Crush the Castle 2","Medium; Armor Games/creator rights must be cleared","Several ports/related games but no definitive modern successor","Physics sandbox plus creator content supports long tail"
8,Sonny,78,"Premium turn-based RPG; sequel or reboot","Story-first combat RPG with status effects, class builds, companions, and hard encounters","26M Armor Games plays for Sonny 2; original series described as played by millions","Low-medium; XGen/rights holders must be cleared","2017 Steam remake exists and has been criticized for presentation","The combat system is commercially proven; major upside is faithful writing/art polish"
9,The Last Stand,77,"Premium single-player survival action; sequel","Zombies, scavenging, defense, faction choices, and run-based city travel","11.8M original, 28.5M Last Stand 2, and 25.6M Union City Armor plays","Low-medium; Con Artist/Armor rights must be cleared","Legacy Collection and Aftermath already exist","A new city-scale or caravan-focused sequel can improve pacing and modern survival systems"
10,Age of War,76,"Premium single-player lane strategy","Era-spanning base defense with branching tech, asymmetric factions, and challenge campaigns","Repeated placement in current Flash collections and broad portal circulation","Medium; creator/publisher rights must be cleared","No major direct premium remake found","Highly readable progression and broad audience fit"
11,Line Rider,75,"Premium creative sandbox; optional sharing/community","Physics drawing sandbox with campaigns, stunt goals, replay tools, and curated creator challenges","Flash-era cultural landmark with user-generated track ecosystem","Medium; rights/brand clearance required","Modern/mobile versions exist; opportunity is a premium creator-focused edition","User creation supplies content and social retention without live-service combat"
12,Fireboy & Watergirl,74,"Premium local/online co-op puzzle adventure","Two-character systemic puzzles with level editor, time trials, and seamless remote co-op","Persistent current Steam visibility; Elements has 1,095 Very Positive reviews","Low-medium; Oslo Albet franchise rights required","Several low-price Steam entries already exist","Strong co-op demand, but only worthwhile as a major-quality sequel or original successor"
13,The World's Hardest Game,73,"Premium precision-challenge game","Handcrafted challenge campaign with daily seeds, ghost races, accessibility, and creator levels","16M Armor Games plays and current Flash-list placement","Medium; rights must be cleared","No major premium treatment located","Low content-production cost and strong streamer/leaderboard potential"
14,Toss the Turtle,72,"Premium physics launch/upgrade arcade","Physics-launch campaign with gear builds, biomes, boss routes, and asynchronous score competition","12,362,040 Armor Games plays; 25,874 ratings; 14,065 favorites","Medium; rights must be cleared","No major premium successor found","Simple input, strong upgrade dopamine, scalable content"
15,Hobo,71,"Premium comedic beat-em-up; optional co-op","Crude street-fighting roguelite with improvised moves, branching routes, and absurd encounters","12M Armor Games plays and current Flash-list placement","Medium; rights and tone clearance required","No major premium successor found","Distinctive voice and low-to-mid production scope"
16,Gunblood,70,"Premium quick-draw action roguelite","Duel-focused western with timing mastery, rival routes, weapons, and short replayable runs","Current Flash-list and Web Design Museum prominence","Medium; rights must be cleared","No major direct premium remake found","Excellent short-session structure, but needs more depth than the original"
17,Burrito Bison Revenge,69,"Premium launch/upgrade arcade","Elastic launch runs with meta-progression, boss encounters, and absurd world exploration","Broad portal distribution and earlier-ranking recognition","Medium; creator/publisher rights must be cleared","No major modern premium remake located","Commercially legible loop and strong visual/comedic hook"
18,Bloxorz,68,"Premium puzzle campaign","Spatial block-rolling puzzle game with hand-authored worlds, daily puzzles, and user levels","Repeated current Flash-list placement and broad puzzle circulation","Medium; rights must be cleared","Many clones/ports; differentiation required","Low development risk and strong puzzle audience, but limited pricing ceiling"
19,Stick RPG,67,"Premium life-sim RPG; licensed sequel or spiritual successor","Comedic city life sim with careers, relationships, investments, quests, and consequences","Original passed one million Newgrounds views; Stick RPG 2 has 954 Very Positive Steam reviews","Low; XGen rights are active","Stick RPG 2 already commercially covers the concept","Strong proof of premium life-sim demand, but rights and differentiation are essential"
20,The King's League: Odyssey,66,"Premium management RPG; licensed sequel only","Roster management, training, facilities, calendar pressure, tactical battles, and league progression","5.2M Kongregate plays; 4.5 rating","Low; Kurechii rights are active","King's League II already exists on Steam","Excellent loop, but a new product must be a major sequel rather than a remake"
